Title,Author,Price,Language,Publish Year,Publisher,Weight,Description,Image URL,Detail URL
NgườI Giàu Có Nhất Thành Babylon (Tái Bản),George S Clason,"102,600₫",Tiếng Việt,30/11/2021,NXB Hồng Đức,450.00 gam,"Cuốn sách cung cấp cho những người đang khao khát thành công tài chính một nhận thức sâu sắc để giúp họ “kiếm tiền, sinh tiền”, giữ gìn được tiền bạc và khiến chúng sinh sôi nảy nở thêm từ số tiền dôi dư thông qua 7 chương sáchChương 1: Thành cổ BabylonChương 2: Người đàn ông “khát” vàngChương 3: Người giàu có nhất thành BabylonChương 4: Bảy phương thức trị lép túi tiềnChương 5: Diện kiến nữ thần may mắnChương 6: Năm quy luật của vàngChương 7: Người cho vay vàng thành BabylonChương 8: Tường thành BabylonChương 9: Thương lái lạc đà thành babylonChương 10: Những phiến đất sét thành BabylonChương 11: Người may mắn nhất thành BabylonBabylon đã từng là thành phố cường phú nhất thời cổ đại bởi công dân thành phố đều là những người giàu có nhất trong thời đại đó. Họ hiểu giá trị tiền bạc, vận dụng các nguyên lý tài chính hợp lý trong thực tiễn để thu hút tiền bạc, gìn giữ tiền bạc và khiến tiền đẻ ra tiền nhiều hơn. Babylon chính là cái nôi của bộ nguyên lý làm giàu cơ bản mà ngày nay toàn thế giới đã công nhận và vận dụng rộng rãi. Sự thành công của Babylon đã tạo cảm hứng cho tác giả viết một loạt truyện ngụ ngôn để chứng minh cho những quy luật bất biến về tài chính và cách tạo dựng của cải. Chúng đã trở nên rất phổ biến và được các ngân hàng, công ty bảo hiểm, các công ty khác sử dụng để giáo dục về lợi ích của việc tiết kiệm và tạo động lực làm việc tích cực hơn.Người giàu có nhất thành Babylon là cuốn sách được viết bởi tác giả George S.Clason. Ông là một doanh nhân, nhà văn người Mỹ và tác giả của nhiều cuốn sách bán chạy nhất thế giới. Trọng tâm mà cuốn sách được đặt tên là do chính những con người nơi đây –  với xuất phát điểm nghèo khó nhưng nhờ sự ham học hỏi, niềm khát khao chinh phục sự giàu có và tựu chung lại là niềm hạnh phúc về sự dư dả tài chính đã giúp họ trở thành một trong những người giàu có nhất thế giới. Theo ông, của cải, giống như cái cây, vươn lên từ hạt mầm nhỏ xíu. Xu đồng đầu tiên mà cháu tiết kiệm được chính là hạt giống sẽ mọc lên cây giàu có. Cháu càng ươm hạt giống đó sớm chừng nào, cái cây càng lớn lên chừng ấy. Và cháu càng thủy chung chăm bón và tưới tắm cái cây đó bằng số tiền tiết kiệm không ngừng nghỉ của cháu bao nhiêu, cháu càng sớm đắm mình mãn nguyện dưới tán vòm cây đó bấy nhiêu.Của cải của một người không nằm ở những đồng tiền mà anh ta mang theo trong túi mình, mà nằm trong nguồn thu nhập mà anh ta đã tạo nên, nó chính là dòng suối vàng không ngừng tuôn chảy vào túi anh ta, giữ cho túi tiền của anh ta luôn luôn đầy ắp.Qua đó, tác giả cũng chia sẻ nảy phương thức trị lép túi tiềnTiết kiệm 1/10 thu nhập để “vỗ béo” túi tiền liên tụcLập kế hoạch để kiểm soát chi tiêuỦy thác của cải một cách khôn ngoan để phòng thua lỗĐể vàng mẹ đẻ vàng conNâng cao năng lực kiếm thêm nhiều tiềnBiến ngôi nhà của bạn thành một khoản đầu tư sinh lờiBảo đảm một nguồn thu nhập tương laiCuốn sách Người giàu có nhất thành Babylon này sẽ đưa chúng ta trở lại vương quốc Babylon cổ đại, cái nôi nuôi dưỡng những nguyên lý cơ bản về tài chính mà giờ đây con người hiện đại đã kế thừa và vận dụng trên toàn thế giới. Cuốn sách không chỉ giúp bạn trở nên giàu có mà còn hướng dẫn bạn duy trì sự giàu có đó mỗi ngày chỉ bằng những khoản tiền tiết kiệm nhỏ mà không ảnh hưởng đến tài chính của bạn.Hãy để cuốn sách này dẫn lối bạn thoát khỏi tình trạng túng thiếu của một người “ví mỏng” đến một cuộc đời hạnh phúc hơn, đủ đầy hơn bởi vì “vỗ béo” cho ví tiền đầy đặn là một việc hoàn toàn khả thi.",https://product.hstatic.net/200000845405/product/p97362m8935246937525_1_1da106c981c24a4d9571e8fc9eb88e3a_master.jpg,https://www.vinabook.com/products/nguoi-giau-co-nhat-thanh-babylon-tai-ban
Chiêm Tinh Học - Ứng Dụng Trong Sự Nghiệp Và Tình Yêu,Louise Edington,"117,000₫",Tiếng Việt,30/11/2020,NXB Hồng Đức,450.00 gam,"Chiêm tinh học là các hệ thống bói toán khoa học dựa trên các tiền đề của một mối quan hệ giữa các hiện tượng thiên văn và các sự kiện trong thế giới nhân loại. Cuốn sách Chiêm Tinh Học Ứng Dụng Trong Sự Nghiệp Và Tình Yêu mang đến cho bạn những hiểu biết chuyên sâu về chủ đề này vừa giúp bạn vận dụng trong những lĩnh vực cụ thể hàng ngày.Chiêm tinh học là gì?Ai mà không tò mò về vận mệnh tương lai và tính cách làm nên cuộc đời của mình đúng không nào? Chiêm tinh học căn cứ ngày tháng năm sinh của một người, cho mỗi người lấy 12 loại tinh tướng tượng trưng. Mười hai loại tinh tướng này không phải là lấy một tháng đế tính toán. Ví dụ:Sao Bạch dương (Aries) là từ ngày 21 tháng 3 đến ngày 20 tháng 4Chòm sao Kim ngưu (Taurus) là từ ngày 21 tháng 4 đến ngày 20 tháng 5Chòm sao Song tử (Gemini) là từ ngày 21 tháng 5 đến ngày 21 tháng 6Có khi trong cuốn sách Chiêm Tinh Học Ứng Dụng Trong Sự Nghiệp Và Tình YêuNgay khi đọc cuốn sách này bạn hãy lấy một tờ giấy và viết ra mình thuộc cung hoàng đạo nào, nguyên tố đặc trưng là gì để xem ứng dụng bạn nhé.Nó không chỉ đặc thù tính cách mỗi cá nhân thuộc 12 cung Hoàng Đạo mà còn phụ thuộc vào các nguyên tố như:1. Lửa: Bạch Dương, Sư Tử, Nhân MãNhững cung này thường thiên về hành động, sẵn sàng bất chấp rủi ro, tự tinh, luôn làm mọi việc bằng tinh thần hăng say nhất.2. Đất: Kim Ngưu, Xử Nữ, Ma KếtCác cung này có đặc trưng tính cách khá thận trọng, nghiêm túc, suy nghĩ thực tế, là những người đáng tin, toàn diện và vững chắc.3. Khí: Song Tử, Thiên Bình và Bảo BìnhCác cung này là những nhà tư tưởng, thường có trí tuệ hơn người, thông minh nhưng hay bị ""cả thèm chóng chán"". Họ giao tiếp khá tốt nên thường có nhiều mối quan hệ.4. Nước: Cự Giải, Bọ Cạp, Song NgưĐặc trưng của các cung này thiên về mặt cảm xúc. Họ có một năng lực đặc biệt, hấp dẫn mọi người xung quanh và luôn mang tới những điều bất ngờ.Sự kì diệu của vũ trụ hay là từ các vì sao luôn khiến con người tò mò.  Bằng một cách nào đó, các vì tinh tú đã gởi cho chúng ta rất nhiều thông điệp đến với cuộc sống này. Bạn hãy đọc cuốn sách Chiêm Tinh Học Ứng Dụng Trong Sự Nghiệp Và Tình Yêu để hiểu chúng nhé!",https://product.hstatic.net/200000845405/product/p97251m8935246933459_55ec2629361647d2825ad72ad6c0b028_master.jpg,https://www.vinabook.com/products/chiem-tinh-hoc-ung-dung-trong-su-nghiep-va-tinh-yeu
Go For No! Đập Tan Nỗi Sợ Bị Từ Chối,"Richard Fenton, Andrea Waltz","76,500₫",Tiếng Việt,30/11/2021,NXB Hồng Đức,400.00 gam,"Go for No! Đập tan nỗi sợ bị từ chối là một cuốn sách hư cấu gồm 29 phần chính và phần kết. Mặc dù nhân vật chính của cuốn sách này là một nhân viên bán hàng, thế nhưng đây lại là cuốn sách không chỉ dành riêng cho “dân sale” mà còn phù hợp với những người đang làm trong lĩnh vực kinh doanh, bán hàng, tiếp thị, hay chỉ đơn giản là những người thường xuyên phải đối mặt với sự từ chối. Có gì trong cuốn sách Go for No! Đập tan nỗi sợ bị từ chốiCuốn sách kể về một câu chuyện hư cấu về bốn ngày không thể nào quên trong cuộc đời của Eric James Bratton, 28 tuổi, một người chồng tuyệt vời, người anh trai tuyệt vời và một nhân viên bán máy photocopy tuyệt vời. Một ngày nọ, khi Eric thức dậy vào sáng sớm để chuẩn bị đi làm, anh phát hiện ra mình đang ở trong một ngôi nhà xa lạ và không biết bản thân đã đến đó bằng cách nào. Trong ngôi nhà đó, Eric đã gặp phiên bản của chính anh trong tương lai - một con người cực kỳ thành công mà anh hy vọng mình sẽ trở thành vào một ngày nào đó. Qua những câu chuyện với sự dẫn dắt đa dạng, phong phú và đầy chi tiết, bạn đọc sẽ cảm thấy như mình đã “đắm chìm” vào trong đó cùng với Eric và lĩnh hội được các bài học về:- Rèn luyện tư duy tìm kiếm sự từ chối.- Cách bán hàng, kinh doanh hiệu quả hơn hẳn 92% nhân viên bán hàng trên thế giới.- Một cách để đặt mục tiêu hoàn toàn mới, đơn giản, thú vị là bị người khác từ chối.- Tại sao việc ăn mừng thành công và thất bại lại quan trọng.- Năm mức độ thất bại mà bạn cần đạt được.Nếu chưa có cuốn sách nào mang đến cho bạn cảm giác hứng thú vậy thì hãy lựa chọn Go for No! Đập tan nỗi sợ bị từ chối bởi có thể nó sẽ là một cuốn sách duy nhất mà khiến bạn phải sửng sốt đấy. Một lưu ý nhỏ tới bạn đọc rằng: Đừng đọc cuốn sách này nếu bạn chưa sẵn sàng trải qua khoảnh khắc được khai sáng về thành công tuyệt vời nhất mà bạn sẽ có. Hãy bắt đầu khi mà bạn thực sự muốn, và vào thời điểm bạn lật giở cuốn sách này thì nó đã dần thay đổi cuộc sống, nghề nghiệp và cả doanh nghiệp của bạn.",https://product.hstatic.net/200000845405/product/p97211m8935246936795_42d0a469099a43ccb665e385c53c891b_master.jpg,https://www.vinabook.com/products/go-for-no-dap-tan-noi-so-bi-tu-choi
Tâm Lý Học Vượt Nghịch Cảnh - Hạnh Phúc Tại Tâm,Tống Thủy Lan,"147,600₫",Tiếng Việt,30/11/2021,NXB Hồng Đức,520.00 gam,"Con người ở độ tuổi nào thì nội tâm vẫn luôn có một phần yếu đuối, chỉ là mức độ và cách thể hiện khác nhau mà thôi. Và cuốn sách Tâm lý học vượt nghịch cảnh - Hạnh phúc tại tâm sẽ giúp bạn biết cách đối mặt với những phần yếu đuối ẩn sâu bên trong, trui rèn bản thân có bản lĩnh thực thụ để làm chủ cuộc sống của mình.Nội dung cuốn sách Tâm lý học vượt nghịch cảnh - Hạnh phúc tại tâmChương 1: Vượt nghịch cảnh: Một loại năng lực vượt ra ngoài khả năng phục hồi và bền bỉChương 2: Khắc phục chủ nghĩa hoàn mĩ mới có thể chấp nhận sự yếu đuối của bản thânChương 3: Giải tỏa lo âu, cho nội tâm mong manh cơ hội được chữa lànhChương 4: Kiểm soát nỗi sợ và bồi dưỡng nội tâm mạnh mẽ hơnChương 5: Điều hòa cảm xúc xấu hổ, tránh gây ra quá nhiều đau đớn nội tâmChương 6: Tiết chế độ nhảy cảm, tiết giảm tiêu hao nội tại không cần thiếtChương 7: Nâng cao khả năng chịu áp lực, không ngừng trau dồi tâm lí bền bỉ trong nghịch cảnhChương 8: Xây dựng chỗ dựa tinh thần, tâm lí vượt nghịch cảnh cũng cần sự hỗ trợ từ người khácVới tổng cộng 50 phương pháp và 8 bài trắc nghiệm đánh thức nguồn sức mạnh to lớn bên trong bạn, tác giả Tống Thủy Lan đã trình bày một cách khoa học, được dẫn dắt hợp lí, tự nhiên đi từ những nghiên cứu tâm lí và kinh nghiệm thực tế, đan xen các câu trích dẫn để đời làm lý lẽ vừa gần gũi, thân thuộc lại đầy tính thuyết phục với bạn đọc gần xa. Dưới góc độ tâm lý học, cuốn sách này chỉ ra chính xác căn nguyên yếu đuối của những “trái tim thủy tinh” và tập trung phân tích phương pháp giúp khắc phục sự yếu đuối: khắc phục chủ nghĩa hoàn mĩ, hóa giải lo lắng, kiểm soát nỗi sợ, điều chỉnh cảm giác xấu hổ, hạ thấp mức độ nhạy cảm, nâng cao khả năng chống chịu áp lực, xây dựng hậu phương cho tâm hồn.Có gì trong “Tâm lý học vượt nghịch cảnh - Hạnh phúc tại tâm”Trong cuốn sách, tác giả cũng chỉ rõ một số nhận thức sai lầm về tâm lí yếu đuối như yếu đuối là biểu hiện của nhu nhược, thoát khỏi suy nghĩ tiêu cực qua câu “tôi sẽ không yếu đuối” hay yếu đuối cũng tức là phơi bày mọi thứ. Trong những thời điểm yếu đuối, họ phơi bày tất thảy trước đám đông và phải đối mặt với rủi ro tình cảm vô cùng lớn. Nhưng cái cánh mà họ chấp nhận rủi ro, dũng cảm đối mặt với sự tổn thương và cởi mở cảm xúc lại không hề có chút dấu vết nào của sự nhu nhược.Năng lực vượt nghịch cảnh là một khái niệm vượt ra ngoài khả năng phục hồi và khả năng chịu đựng bền bỉ. Còn tâm lí vượt nghịch cảnh lại đi xa hơn khả năng phục hồi, nó khiến mọi vật giữ tốc độ tăng trưởng ngay cả trong hoàn cảnh ngặt nghèo nhất. Chỉ khi sở hữu năng lực vượt nghịch cảnh, thì con người ta mới có thể thực sự đạt đến trạng thái không sợ hãi bất cứ điều gì, mới có thể sống thoải mái tự tại, bình tĩnh ứng phó với mọi hoàn cảnh vinh nhục. Theo tác giả, để xây dựng sức mạnh bên trong, bạn phải học ba điều này:1. Duy trì tâm thế bình hòa, khống chế cảm xúc của bản thân2. Rèn luyện khả năng giải quyết vấn đề, sở hữu khả năng giữ bản thân bình tĩnh trong mọi vấn đề3. Có mục tiêu kiên định và khả năng thực hiện tốt“Tâm lý học vượt nghịch cảnh - Hạnh phúc tại tâm” sẽ giúp bạn…Thông qua việc rèn luyện và thực hành có chủ đích từ cuốn sách này, bất kì ai cũng có thể thoát khỏi “trái tim thủy tinh” nâng cao xác suất thành công trong công việc và chỉ số hạnh phúc trong cuộc sống, sống cuộc sống có định hướng và rõ ràng hơn. Dù cho thế giới bên ngoài có bao nhiêu cám dỗ, ngáng trở bạn vẫn có thể canh giữ phần nội tâm kiên định không chút tạp niệm.Nếu bạn muốn mạnh mẽ hơn và chủ động hơn để có thể làm được tốt hơn ở bất kỳ khía cạnh nào mà bạn chọn trong cuộc sống của mình, không vướng phải các cảm xúc tiêu cực… cuốn sách này là dành cho bạn. Bằng cách phát triển khả năng kiểm soát cảm xúc tốt hơn và thoát khỏi những cảm xúc không lành mạnh trói buộc bạn, Tâm lý học vượt nghịch cảnh - Hạnh phúc tại tâm sẽ làm thay đổi cuộc đời bạn ngay từ khi lật mở từng trang sách đầu tiên.",https://product.hstatic.net/200000845405/product/p97195m8935246935583_e045b395d3504e20b1aaf8ba6fad6f91_master.jpg,https://www.vinabook.com/products/tam-ly-hoc-vuot-nghich-canh-hanh-phuc-tai-tam
"Có Không Giữ, Mất Đừng Tìm: Bật Mí 26 Chiến Lược Gắn Bó Để Giữ Chân Nhân Tài","Beverly Kaye, Sharon Jordan Evans","191,700₫",Tiếng Việt,30/11/2021,NXB Hồng Đức,604.00 gam,"Có không giữ, mất đừng tìm: Bật mí 26 chiến lược gắn bó để giữ chân nhân tàisẽ giúp bạn giải đáp được những câu hỏi khó và làm được những điều mà bạn mong muốn, xây dựng một doanh nghiệp hiệu quả và trở thành nơi mà mọi người muốn gắn bó lâu dài. Đây là cuốn sách được viết ra để dành tặng bạn - Một lãnh đạo, một quản lý bận rộn nhận thấy rằng người tài là điều quý giá nhất đối với bạn. Dù doanh nghiệp của bạn dù nhỏ hay lớn thì cuốn sách này vẫn vô cùng hữu ích và thiết thực để có thể áp dụng. Nội dung trong sách tập trung vào những gì mà bạn muốn làm để gắn kết và giữ chân nhân tài. Chắc hẳn bạn cũng thấy rằng nhân tài đóng vai trò quan trọng và ít ai phủ nhận sự thật này. Có những người không ngại làm việc từ xa hoặc tại chỗ và họ có mặt hàng ngày để thực hiện những công việc bạn cần một cách hiệu quả. Họ cũng là người vô cùng quan trọng đối với sự thành công của bạn và nếu nói một cách chính xác hơn thì họ chính là trái tim và linh hồn của tổ chức. Vậy phải làm thể nào để luôn giữ được sự hứng thú của họ đối với doanh nghiệp của bạn? Làm thế nào để bạn có thể giữ họ ở lại - cả về tâm lý và thể xác, trong khi rất nhiều người khác đang cố gắng lôi kéo họ ra đi?Bạn là một nhà quản lý hay một người lãnh đạo? Thuật ngữ “nhà quản lý” và “người lãnh đạo” thay thế cho nhau trong suốt cuốn sách. Tác giả cũng tin rằng bạn có đầy đủ cả hai vai trò này và những nhân viên tài giỏi của bạn cũng nghĩ như vậy. Bất cứ ai cũng có thể đảm đương vị trí này. Bạn sẽ phải vừa là người lãnh đạo vừa là người quản lý trong công việc của mình và việc chọn thời điểm để hoán đổi hai vai trò cho nhau là một bí quyết. Các nhà quản lý tối ưu hoá tổ chức và con người của tổ chức để đáp ứng các mục tiêu chiến lược. Các nhà lãnh đạo cố thuyết phục tổ chức và những người của tổ chức đó hướng đến một tương lai chiến lược.Những gì bạn sẽ tìm thấy ở cuốn sách Có không giữ, mất đừng tìmĐược thực hiện dựa trên những nghiên cứu và có đầy đủ các đề xuất dễ thực hiện, cuốn sách này đưa tới cho bạn 4 sự thật chính:Sự thật 1: Thu hút và giữ chân người giỏi là câu chuyện muôn thuởSự thật 2: Người quản lý có tầm ảnh hưởngSự thật 3: Những bước thực hành “yêu quý nhân viên” hỗ trợ sự gắn kết và hoà nhậpSự thật 4: Phát triển khả năng lãnh đạo 101 đòi hỏi những bước thực hành “yêu quý nhân viên” Tác giả đã dành 20 năm để khảo sát và phân tích để hình thành 26 bước thực hành ban đầu tương ứng với các chương từ 1-26 trong cuốn sách này. Tác giả cũng chia sẻ rằng Có không giữ, mất đừng tìm: Bật mí 26 chiến lược gắn bó để giữ chân nhân tài như là một cuốn hướng dẫn sử dụng - một chỉ dẫn để giúp cuộc sống của bạn dễ dàng hơn trong mọi hoàn cảnh. Dưới đây là một số cách hữu ích để sử dụng cuốn sách này:- Hãy tạo tạo ra và triển khai thực hiện phiên bản những bước thực hành “yêu quý nhân viên” độc đáo của riêng bạn- Sử dụng cuốn sách như người chỉ đường của bạn - như khi bạn sử dụng Siri hoặc Google Maps.- Đọc đi đọc lại cuốn sách này- Làm nổi bật những gì quan trọng nhất đối với bạn- Tự mình cam kết thực hiện thông điệp chính của một chươngMọi người thường nói rằng tri thức là sức mạnh, nhưng chỉ khi tri thức được biến thành hành động thì nó mới là sức mạnh. Không có gì ngạc nhiên khi cuốn sách này đã có tuổi đời hai mươi năm và nó vẫn được sử dụng cho đến ngày nay. 26 phương pháp thực hành mà tác giả mô tả sẽ đem đến cách thức gắn kết và giữ chân cho bất kỳ nhà lãnh đạo nào ở bất kỳ cấp độ nào. Hãy lựa chọn cuốn sách Có không giữ, mất đừng tìm nếu bạn muốn biết các bí quyết để giúp hoà nhập, gắn kết và giữ chân nhân tài của mình. Đây thực sự là một cuốn sách mà mọi nhà quản lý, lãnh đạo đều nên có trong tay!",https://product.hstatic.net/200000845405/product/p97194m8935246936061_e23a2ab0a3e54ff092ea986b6501be84_master.jpg,https://www.vinabook.com/products/co-khong-giu-mat-dung-tim-bat-mi-26-chien-luoc-gan-bo-de-giu-chan-nhan-tai
Ai Đã Bắt Cóc Sự Xuất Sắc Của Bạn,Harry Paul,"103,500₫",Tiếng Việt,30/11/2021,NXB Hồng Đức,350.00 gam,"Cuốn sách Ai đã bắt cóc sự xuất sắc của bạn? được viết cho CÁC BẠN!Cho dù bạn là một nhân viên tuyến đầu, giám sát viên, CEO, người mẹ, người cha, hay người vợ, người chồng, thì cuốn sách này cũng hàm chứa thông điệp dành riêng cho bạn. Mọi người có thể sử dụng cuốn sách này cả trong vai trò tổ chức lẫn trong đời sống cá nhân của mình.Trong cuốn sách Ai đã bắt cóc sự xuất sắc của bạn? tác giả đã tạo ra một ngôn ngữ chung có khả năng định nghĩa và giải thích khái niệm về sự xuất sắc một cách chính xác hơn. Bên cạnh đó, họ cũng không khẳng định rằng những phẩm chất đó là các khía cạnh duy nhất của sự xuất sắc, nhưng dám chắc rằng nếu ai đó có thể kiên định duy trì các phẩm chất nòng cốt này với thái độ đúng đắn, người đó sẽ là người đến đích trong hành trình vươn tới sự xuất sắc.Có gì đặc biệt ở cuốn sách Ai đã bắt cóc sự xuất sắc của bạn??Tác giả đã chọn nhân cách hoá phẩm chất xuất sắc và trung bình cùng với các yếu tố tạo nên chúng, và dùng hình thức tường thuật để kể câu chuyện về phẩm chất tuy khó rèn nhưng hoàn toàn có khả năng luyện được để phát triển vượt trội này. Bảng phân vai -  Đội xuất sắc bao gồm: Đam Mê, Năng Lực, Linh Hoạt, Giao Tiếp, Làm Chủ ; Nhóm Trung Bình gồm: Hời Hợt, Kém Cỏi, Cứng Nhắc, Hiểu Lầm, Làm Công.Bizbooks tin rằng cách kể chuyện sẽ này tạo ra một lối trình bày độc đáo và lôi cuốn để làm rõ một cách hiệu quả nhất cách thức khôi phục sự xuất sắc và gỡ bỏ các rào cản ngăn chúng ta phát huy hết tiềm lực và trở thành phiên bản xuất sắc nhất.Và cuối cùng..Ai đã bắt cóc sự xuất sắc của bạn? sẽ khiến bạn phải nhìn vào trong gương và đánh giá bản thân một cách thành thực. Khi bạn đã trực tiếp đối diện với hiện trạng của mình, tiếp theo đó bạn có thể đúc kết trải nghiệm từ các mục ghi nhật ký của Dave và các bài học khác trong cuốn sách này để thực hiện những thay đổi thiết thực trong cuộc sống.Đây là một cuốn sách đã kết hợp một cách điệu nghệ các chủ để với nhau nhằm giúp mọi người và mọi tổ chức đạt tới cấp độ xuất sắc. Nội dung qua từng trang sách cũng thúc đẩy và giúp mọi người trở thành phiên bản xuất sắc nhất của chính mình!",https://product.hstatic.net/200000845405/product/p97151m8935246936047_6693c6b8e5d54825a30b35a1aa4a4e76_master.jpg,https://www.vinabook.com/products/ai-da-bat-coc-su-xuat-sac-cua-ban
365 Ngày Liên Tục Tiến Về Phía Trước,Bizbooks,"157,500₫",Tiếng Việt,30/11/2021,NXB Hồng Đức,460.00 gam,"Có người hỏi rằng: “ Ngày nào tôi cũng rất cố gắng, nhưng sao cảm giác lại chẳng khác những người lười biếng là bao?”Mỗi ngày chúng ta tiến bộ một chút chính là 1 + 0,01; còn mỗi ngày giật lùi một chút sẽ là 1 – 0,01. Nếu tính tích luỹ qua từng ngày thì cách biệt giữa “tiến bộ một chút” và “giật lùi một chút” sau một năm là hơn 1000 lần. Vì vậy, đừng bao giờ nói những câu như không thể tiếp tục kiên trì được nữa hay là cảm thấy mọi thứ mình làm thật vô ích trong quá trình nỗ lực của bạn, bởi khi đó, hẳn là bạn chưa đi tới tận cùng mà thôi.Chính những phẩm chất nội tại mới khiến một người thực sự không thể bị vượt qua. Bất cứ việc gì bạn làm trên đời này đều là để khiến bản thân trở nên tốt đẹp hơn và tất cả trải nghiệm đều thuộc về bản thân bạn, là một quá trình tích luỹ năng lượng.Hãy nhớ rằng, danh tiếng của bạn được tạo nên bởi những người khác, nhưng tính cách của bạn được tạo nên bởi chính bạn!Chẳng ai trở nên hoàn hảo và tốt đẹp mà chưa từng mắc lỗi lầm nào cả. Rất nhiều người do lo sợ thất bại mà không dám bắt tay hành động, và ngược lại, cũng có những người chẳng ngại thất bại vì họ nghĩ đó mới là điều giúp họ chạm tới thành công. Thế giới này sẽ tốt đẹp biết bao nếu mọi người sống và theo đuổi những giấc mơ, hoài bão của chính mình. Nếu lúc nào cũng để cho sự thất vọng và chán nản làm chi phối thì có thể bạn sẽ bị những khó khăn hạ gục. Bạn cần phải nhớ rằng, thất bại và khó khăn là thứ không ai có thể tránh được, quan trọng là thái độ khi bạn đối mặt với chúng.Bất kì ai muốn bản thân trở nên tốt đẹp hơn về mọi mặt đều có thể đọc cuốn sách này bởi qua từng trang sách, tác giả Đỗ Hương chia sẻ rất kĩ càng những công thức để giúp bạn sống có mục đích hơn, loại bỏ những thói quen trì hoãn, biết suy ngẫm về bản thân và nâng tầm cuộc sống của bạn!",https://product.hstatic.net/200000845405/product/p97132m8935246936023_ec7442d804f045f5b0781b06ed768154_master.jpg,https://www.vinabook.com/products/365-ngay-lien-tuc-tien-ve-phia-truoc
Box Set Baby’S First Word And Picture Dictionary - Từ Điển Song Ngữ Qua Tranh Cho Bé (6 Cuốn),The Kiwi,"252,000₫",Tiếng Việt,30/11/2021,NXB Hồng Đức,480.00 gam,"Bộ “Baby’s first word and picture dictionary – Từ điển song ngữ qua tranh cho bé” là bộ sách thú vị giúp bé gia tăng vốn từ vựng Anh – Việt và nhận thức về thế giới xung quanh!Bộ sách bao gồm 6 cuốn sách nhỏ xinh cùng những hình vẽ dễ thương gồm 26 chủ đề đầu tiên thân thuộc nhất mà bé được khám pháNhững ba mẹ không giỏi tiếng Anh cũng đừng lo, bởi sách có  phiên âm, dịch nghĩa tiếng Việt ở cuối mỗi trang và tích hợp với App ngay trên điện thoại giúp ba mẹ và bé có thể xem video và nghe audio chuẩn giọng bản ngữ.Điểm đặc biệt của bộ sáchCung cấp 300+ từ vựng đầu tiên theo chủ đề bé nhất định phải biết khi học tiếng Anh.Kết hợp hai phương pháp học hiệu quả là V-A-K và “tắm ngôn ngữ” thông qua video và audio chuẩn bản ngữ.Hình ảnh sinh động kích thích não phải, tăng khả năng nhận biết và sáng tạo của bé.Tích hợp khóa học mini và audio trên app MCBooks giúp cha mẹ và bé học mọi lúc mọi nơi.Mỗi cuốn sách là một chủ đề thú vị:Chủ đề “Bảng chữ cái”: Bảng chữ cái được minh họa bằng những đồ vật, con vật gần gũi và đầy màu sắc giúp bé hào hứng học và dễ dàng ghi nhớ bảng chữ cái tiếng Anh.Chủ đề “Số đếm”: Ba mẹ sẽ cùng con làm quen và hiểu về số đếm cùng những hình vẽ đáng yêu, ngộ nghĩnh.Chủ đề “Màu sắc và hình khối”: Chủ đề Màu sắc và hình khối là những kiến thức đầu tiên và không thể thiếu mà bé được học.Chủ đề “Bé và gia đình”: Giúp bé hiểu về cơ thể, các hoạt động, mong muốn của bản thân và gọi tên các thành viên trong gia đình.Chủ đề “Thế giới quanh em”: Thế giới quanh em cung cấp những từ vựng cơ bản nhất trong cuộc sống hàng ngày về những đồ dùng, mọi vật xung quanh bé.Chủ đề “Động vật”: Giúp bé ghi nhớ tên tiếng ViVới bộ sách nhỏ xinh, hình ảnh sinh động kích thích não phải giúp bé phát triển trí tuệ và cung cấp hơn 300 từ vựng song ngữ Anh Việt cho bé mở rộng vốn từ đầu đời. Đồng thời, ba mẹ và bé cùng tận hưởng những phút giây vừa học vừa chơi thật thú vị.",https://product.hstatic.net/200000845405/product/p97044m8935246936115_f42f24b9f8a74ce8a944f7857ed81ac9_master.jpg,https://www.vinabook.com/products/box-set-babys-first-word-and-picture-dictionary-tu-dien-song-ngu-qua-tranh-cho
"Lựa Chọn Ngã Rẽ, Quyết Định Tương Lai",Triệu Hội Phong,"98,000₫",Tiếng Việt,30/11/2021,NXB Hồng Đức,300.00 gam,"Lựa Chọn Ngã Rẽ, Quyết Định Tương LaiTại sao cần phải học? Bạn đang học vì ai? Đối với mỗi thanh thiếu niên đây là một câu hỏi đáng suy nghĩ. Khi còn trẻ, chúng ta bắt đầu dệt những ước mơ và vẽ ra bản thiết kế của cuộc đời. Có bạn trẻ nào mà không muốn trở thành người thành đạt trong tương lai? Không ai muốn sống một cuộc đời tầm thường, nhưng làm thế nào ta mới có thể thăng hoa từ tầm thường đến xuất sắc đây? Đó có lẽ là điều mà ai cũng khao khát mong ước, nhưng chúng ta có thế đạt được điều đó bằng cách nào?Cuốn sách LỰA CHỌN NGÃ RẼ, QUYẾT ĐỊNH TƯƠNG LAI sẽ giúp bạn nhận ra rằng:Bạn cần dừng lại để nhìn nhận bản thân – Bạn đang học vì ai, vì điều gì? Quan niệm của bạn quyết định hành vi của bạn, nếu quan niệm sai và hướng đi sai, thì bạn dù có cố gắng đến đâu cũng sẽ mang lại đau khổ đến cho bạn.Hãy luôn tin rằng không có “ngày mai” nào mà bạn không thể đến được. Dám xông pha mới không uổng phí thanh xuân – Có cạnh tranh mới có sức sống và quay lưng về phía bóng tối, bạn mới có thể ốm lấy mặt trời.Có những việc sớm muộn gì cũng phải làm, tại sao bạn không làm sớm hơn. Chỉ những người giỏi tận dụng thời gian nhàn rỗi mới có thể trở nên vĩ đại và bí quyết của xuất sắc chính là biết tận dụng từng phút từng giây.Không có bất cứ thứ gì để đặt cược cho tương lai của mình, nhưng cứ tin chắc rằng sự nỗ lực là vô giá. Chúng ta phải “đạp gió rẽ sóng”, bất chấp mưa bão bởi vì dù đời người có trắc trở bao nhiêu thì cuối cùng sự nở rộ của tuổi trẻ sẽ đánh bại mọi thứ!",https://product.hstatic.net/200000845405/product/p96716mscreenshot_2022_09_23_092414_0b84052dae92442ca7d978647b1d1ea1_master.jpg,https://www.vinabook.com/products/lua-chon-nga-re-quyet-dinh-tuong-lai
Mạnh Dạn Buông Bỏ Khi Tình Không Tỏ,Địch Nhân Lục,"98,000₫",Tiếng Việt,30/11/2021,NXB Hồng Đức,300.00 gam,"Mạnh Dạn Buông Bỏ Khi Tình Không TỏMột cuộc tình tốt đẹp thì nhất định phải có sự thỏa hiệp lẫn nhau. Con người không phải các mảnh ghép, không phải sinh ra đã khuyết mất một mảnh và đợi chờ mảnh còn lại đến để bổ lấp. Con người ấy mà, đều có tính cách và những yêu thích riêng, nhưng bằng lòng vì nhau mà liên tục mài cho bản thân tròn vành, thì lúc ôm chầm mới có thể sưởi ấm và không làm đau đớn lẫn nhau.Cuốn sách Mạnh dạn buông bỏ khi tình không tỏ là cuốn sách viết về những cảm xúc trong tình yêu của những người trẻ. Ta như thấy mình qua những cảm xúc chông chênh, lên bổng xuống trầm của thời thanh xuân. Người ta cứ sợ đau nhưng không hề biết rằng, nỗi đau dai dẳng bấy lâu nay họ chịu đựng còn lớn hơn thế gấp nhiều lần. Hãy mạnh dạn buông bỏ, đừng cứ mãi cố chấp níu giữ những gì không xứng đáng.Trên suốt chặng đường đời, cõ lẽ ta sẽ trải qua rất nhiều mối tình và rất nhiều những cám dỗ. Không ai có thể bảo đảm người đầu tiên ta nắm tay sẽ là người đi cùng ta đến cuối con đường, cũng không ai có thể đảm bảo sau khi ta gặp gỡ một vài người rồi sẽ lại tìm được người bầu bạn với ta trọn đời trọn kiếp. Có lẽ thoáng trông thì yêu thích đấy, nhưng lâu dần lại thành ra chán ghét; có lẽ mới mẻ phút ban đầu, nhưng qua đi một khoảng thời gian lại mong rằng giá như chưa từng bắt đầu.Thế nhưng, nào có ai trong chúng ta không phải trải qua cảm giác ấy? Quan trọng là khi nhận ra người ấy không còn phù hợp, ta phải mạnh mẽ buông tay. Người ta vẫn nói, hình tam giác là vững chắc nhất, nhưng tam giác tình yêu thì lại là thứ tồi tệ nhất. Vốn dĩ yêu đương là việc của hai người, sẽ không có chuyện có thể phân phát đều nếu thêm một người thứ ba. Khi tình không tỏ, hà cớ gì ta lại không mạnh dạn buông bỏ để nhường chỗ cho một người phù hợp nhất đang chờ đợi ta ở tương lai?Người ta cứ sợ đau nhưng không hề biết rằng, nỗi đau dai dẳng bấy lâu nay họ chịu đựng còn lớn hơn thế gấp nhiều lần. Hãy mạnh dạn buông bỏ những thứ không thuộc về ta. Mạnh mẽ lên cô gái, nói lời chia tay đi, nỗi đau này đã đến lúc kết thúc rồi.",https://product.hstatic.net/200000845405/product/p96715m2022_09_16_16_00_22_1_390x510_0d3a71878d74483eb4c8393c79eb4e1b_master.jpg,https://www.vinabook.com/products/manh-dan-buong-bo-khi-tinh-khong-to-1
"Smart - Ngủ Đủ, Bé Thông Minh - Làm Sao Để Tạo Thói Quen Đi Ngủ Đúng Cho Trẻ?",Younsun Gim,"98,000₫",Tiếng Việt,30/11/2021,NXB Hồng Đức,250.00 gam,"Smart - Ngủ Đủ, Bé Thông Minh - Làm Sao Để Tạo Thói Quen Đi Ngủ Đúng Cho Trẻ?“Tại sao người khác nuôi con trông có vẻ dễ dàng vậy, còn mình thì gặp nhiều khó khăn thế này?!!” – Không có ai nuôi con mà không từng có những suy nghĩ như vậy.Sự thiếu tự tin khiến các mẹ cảm thấy bế tắc, dần trở nên để ý đến ánh mắt và thái độ của người khác. Có những người mẹ thức cả đêm để đắm chìm trong bài trải nghiệm của các bà mẹ khác, đôi lúc vô hình trung, họ còn khiến cho con trẻ cảm thấy mệt mỏi vì những dụng cụ hỗ trợ, sách hướng dẫn, dạy kèm…Việc tham khảo quá nhiều nguồn kiến thức trên mạng khiến mẹ rơi vào trạng thái bối rối vì không biết mình nên bắt đầu từ đâu, bắt đầu từ chỗ nào cho đúng. Để trở thành một người mẹ thông thái, hãy tìm đến cuốn sách “SMART: Ngủ đủ, bé thông minh” của tác giả Youn Sun Gim chứa đựng rất nhiều bí quyết tuyệt vời của người “từng trải”, giúp cho bất cứ người mẹ nào cũng có thể tạo ra một cuộc sống tốt đẹp và cải thiện thói quen sinh hoạt cho con trẻ.“Thói quen tốt là món quà lớn nhất mà bố mẹ dành tặng con cái!”Có một từ Latinh gọi là “beatitudo”, trong đó “be” có nghĩa là “làm cho hạnh phúc”, “attitude” có mang nghĩa là “thái độ, tư thế và sự quyết tâm”. Tức là bạn có thể hạnh phúc hay không phụ thuộc vào thái độ hoặc sự quyết tâm của mình. Hy vọng tất cả những đứa trẻ của chúng ta và những đứa trẻ sống cùng chúng ta sẽ trở thành những người trưởng thành khỏe mạnh và có thái độ đúng đắn bằng cách được nuôi dưỡng những thói quen tốt.",https://product.hstatic.net/200000845405/product/p96714mscreenshot_2022_09_23_091141_cfe4b69088724e279d9617dfb10cc8fe_master.jpg,https://www.vinabook.com/products/smart-ngu-du-be-thong-minh-lam-sao-de-tao-thoi-quen-di-ngu-dung-cho-tre
Đàn Ông Bóc Phốt Đàn Ông - Về Hẹn Hò Và Hôn Nhân,Bruce Bryans,"52,000₫",Tiếng Việt,30/11/2021,NXB Hồng Đức,100.00 gam,"Đàn Ông Bóc Phốt Đàn Ông - Về Hẹn Hò Và Hôn NhânCó người nói rằng: ""Mỗi người đàn ông là một cuốn sách"". Khi chưa hiểu hết những bí mật đàn ông, ta sẽ thấy đó là một cuốn sách kỳ bí và đôi khi khó hiểu, nhưng nếu khám phá ra rồi thì đó thật sự là cuốn sách thú vị và đáng để “yêu”. Trên con đường đi tìm tiếng nói chung với người đàn ông đích thực của cuộc đời mình, không ít phụ nữ vẫn luôn loay hoay trong mối quan hệ hẹn hò hay đời sống hôn nhân cũng bởi vì không thấu hiểu những suy nghĩ của đàn ông, không biết chính xác điều gì khiến anh ấy thích thú hay tìm cách tạo ảnh hưởng đến họ.Nhưng thay vì suy nghĩ quá nhiều, hãy học cách nắm bắt tâm lý đàn ông để thấu hiểu và thông cảm cho họ khi bạn đã sẵn sàng bước lên hành trình “Đàn ông bóc phốt đàn ông về hẹn hò và hôn nhân” của công ty sách Bizbooks. Cuốn sách ra đời không chỉ giúp phụ nữ thấu hiểu bất kỳ người đàn ông nào, mà còn khiến người đàn ông trưởng thành nhận ra rằng Hạnh phúc và thành công thực sự của anh ấy trong cuộc sống thực chất gắn liền với việc tìm được người phụ nữ phù hợp và yêu cô ấy bằng tất cả tình yêu của anh ấy.Cuốn sách như chiếc chìa khóa mở cửa trái tim “cánh mày râu” thông qua 7 chương được viết cô đọng và súc tích:Chương 1: Trao cho anh ấy những gì anh ấy cầnChương 2: Điều gì khiến anh ấy thích thúChương 3: Những điều nên làm - bí quyết khiến anh ấy hạnh phúcChương 4: Những điều không nên làm - cách khiến anh ấy đánh mất hứng thú với bạnChương 5: Tình dục, đam mê và sự thân mậtChương 6: Đi tìm Mr.RightChương 7: Đàn ông tốt thích gì",https://product.hstatic.net/200000845405/product/p96713m2022_09_16_16_00_35_1_390x510_df9a87c57cf94414b8a395f63399405a_master.jpg,https://www.vinabook.com/products/dan-ong-boc-phot-dan-ong-ve-hen-ho-va-hon-nhan
"Crush Ơi, Anh Muốn Em Cưa Hay Tự Đổ",Bruce Bryans,"73,000₫",Tiếng Việt,30/11/2021,NXB Hồng Đức,200.00 gam,"Crush Ơi, Anh Muốn Em Cưa Hay Tự ĐổCuốn sách này đặc biệt dành cho những phụ nữ độc thân đang tìm kiếm nửa kia và những phụ nữ đang trong giai đoạn đầu của một mối quan hệ mới chớm nở. Tác giả tập trung vào những người phụ nữ này vì đó là thời điểm mà việc giao tiếp qua tin nhắn có vai trò quan trọng nhất. Khi bạn mới quen ai đó, tin nhắn là cách tuyệt vời giúp mối quan hệ thoải mái hơn, đồng thời cho bạn biết rằng liệu mình và người ấy có hứng thú tìm hiểu kỹ hơn về nhau không. Trong giai đoạn đầu của một mối quan hệ, đối phương chưa đủ hiểu bạn để dễ dàng bỏ qua những lỗi nhắn tin kinh khủng nhất mà phụ nữ thường phạm phải, vì vậy tin nhắn chính là công cụ hữu hiệu để thể hiện một cách tinh tế địa vị của mình, nhờ đó nâng cao giá trị bản thân.Nội dung sách “Crush ơi anh muốn cưa hay em tự đổ?”Ở phần đầu tiên, độc giả sẽ được hướng dẫn cách giao tiếp để thể hiện giá trị bản thân thông qua tin nhắn, qua đó giúp bạn tránh những lỗi nhắn tin phổ biến gây ấn tượng không tốt với nam giới.Phần thứ hai của cuốn sách sẽ tập trung vào những điểm mấu chốt để thu hút đàn ông thông qua việc nhắn tin. Cuốn sách sẽ minh họa các tình huống trò chuyện khác nhau giúp bạn nắm được chính xác những gì nên nhắn để khiến anh ấy ngày càng khao khát sự chú ý của bạn, khiến anh ấy tràn ngập khao khát lãng mạn và tự nguyện lên kế hoạch hẹn gặp bạn ngay khi có thể.Tất cả những bí quyết nhắn tin trong cuốn sách này đều được xây dựng nhằm mục đích giúp bạn đạt được1.Háo hức trả lời bạn.2. Mong muốn nhận được tin nhắn của bạn3. Muốn gặp bạn trực tiếp",https://product.hstatic.net/200000845405/product/p96711m2022_09_16_16_00_48_1_390x510_e2adc2dc8a924fe4a183681223d31b62_master.jpg,https://www.vinabook.com/products/crush-oi-anh-muon-em-cua-hay-tu-do
"Ngàn Câu Hỏi Trong Tim: Sống Thanh Tâm Tĩnh, Sống Vui Tâm An",Khánh Sơn,"148,000₫",Tiếng Việt,30/11/2021,NXB Hồng Đức,420.00 gam,"Ngàn câu hỏi trong tim: Sống thanh tâm tĩnh, sống vui tâm anCâu hỏi số 407: Phụ nữ vì tình mà trắc trở một đời, vậy phải làm sao để không bị tổn thương bởi một chữ “tình”?Đáp: Cả đời bế tắc là do sự thiếu hiểu biết và ảo tưởng của chính bản thân mỗi người. Không chỉ làm tổn thương chính mình, mà còn làm tổn thương người khác. Chỉ khi nhận thức được tâm mình, nhận thức rõ ràng thế giới bên ngoài và người khác, nâng cao trí tuệ, thì mới có thể loại bỏ vô minh và vọng tưởng. Mới không đi vào bế tắc và tổn thương.Nếu như bạn đang chất chứa quá nhiều câu hỏi về chuyện đời, chuyện tình mà chưa có một lời giải đáp thì cuốn sách “Ngàn câu hỏi trong tim: Sống thanh tâm tĩnh, sống vui tâm an” chính là một lựa chọn hàng đầu để gỡ bỏ nút thắt trong lòng. Một ngàn câu hỏi ở đây không phải tác giả hỏi mọi người, mà thực chất, đây chính là những câu hỏi của tất cả mọi người gửi đến tác giả. Những phần giải đáp đa chiều đầy tâm đắc, lan toả sự tích cực dù rằng, những câu trả lời của tác giả đưa ra theo khía cạnh cá nhân, thế nhưng, những lời hồi đáp ấy lại mang tính gợi mở rất mạnh mẽ.“Ngàn câu hỏi trong tim: Sống thanh tâm tĩnh, sống vui tâm an” được chia thành 10 phần chính:Phần 1: Cho đến khi lỹ lẽ trở thành kinh nghiệm thực tếPhần 2: Hành động đơn thuần là cứ làm thôiPhần 3: Đáp án chỉ có thể rút ra từ trải nghiệm sâu sắc trong nội tâmPhần 4: Yêu thương sâu sắc hơn cả mường tượngPhần 5: Sự bảo về tốt nhất chính là gìn giữ bản tâm sáng ngờiPhần 6: Sống thanh tâm tĩnh, sống vui tâm anPhần 7: Hạnh phúc thực sự từ đâu mà đến và mang dáng hình nào?Phần 8: Hương vị riêng biệt chỉ người uống mới thấuPhần 9: Cuộc sống đơn giản mà chuyên tâmPhần 10: Chiếc cây tự chăm dưỡng gốc rễ",https://product.hstatic.net/200000845405/product/p96710mscreenshot_2022_09_23_084912_ae9014351c264b18a66b823816a2f77c_master.jpg,https://www.vinabook.com/products/ngan-cau-hoi-trong-tim-song-thanh-tam-tinh-song-vui-tam-an-1
Bí Quyết Thiết Lập Chiến Lược Kinh Doanh Tuyệt Đỉnh,Hiroki Suzuki,"135,000₫",Tiếng Việt,30/11/2021,NXB Hồng Đức,250.00 gam,"Thương trường là chiến trường.” Những vị tướng chỉ huy ngoài mặt trận cũng là những nhà lãnh đạo tài ba. Cuốn sách bàn về 30 nhà lãnh đạo doanh nghiệp trong 150 năm qua, từ thời cận đại đến hiện đại,  phân tích về những thành tựu và giải thích các nguyên nhân quan trọng giúp họ mang lại những thành tựu đó thông qua 7 chương: Chương 1: Nhà lãnh đạo doanh nghiệp thời kỳ hậu cách mạng công nghiệpChương 2: Nhà lãnh đạo doanh nghiệp thời kỳ khôi phục kinh tế sau chiến tranhChương 3: Nhà lãnh đạo doanh nghiệp thời kỳ tăng trưởng tiêu dùngChương 4: Nhà lãnh đạo doanh nghiệp thời kỳ sơ khai của công nghệ thông tinChương 5: Nhà lãnh đạo doanh nghiệp trong thời đại đổi mới phân phối công nghệ thông tinChương 6: Nhà lãnh đạo doanh nghiệp thời đại cách mạng thông tinChương 7: Nhà lãnh đạo doanh nghiệp trong thời đại network mớiDành cho tất cả những ai mong muốn có một tương lai tươi sáng, “Bí quyết thiết lập chiến lược kinh doanh tuyệt đỉnh” được viết theo kiểu dễ hiểu nhất, sử dụng nhiều hình ảnh minh họa, thậm chí tặng cho cả những mầm non có khả năng khởi nghiệp trong tương lai.",https://product.hstatic.net/200000845405/product/p96699mscreenshot_2022_09_22_134232_a732793fb91a4e239d498aa5ec4c08ed_master.jpg,https://www.vinabook.com/products/bi-quyet-thiet-lap-chien-luoc-kinh-doanh-tuyet-dinh-1
Tinh Hoa Hội Tụ - 37 Bài Học Tư Duy Chiến Lược Kết Tinh Từ Trí Tuệ Nhân Loại,Hiroki Suzuki,"147,000₫",Tiếng Việt,30/11/2021,NXB Hồng Đức,250.00 gam,"“Tinh hoa hội tụ - 37 bài học tư duy chiến lược kết tinh từ trí tuệ nhân loại” sẽgiới thiệu “khái quát” từ những chiến lược mới nhất đã và đang tác động to lớn đến giới kinh doanh, cho đến tri thức thâm thúy của các chiến lược cổ xưa được kế thừa hàng ngàn năm thông qua 7 chương:Chương 1: Chiến lược chiến tranh thời kì Cổ - Trung - Hiện đạiChương 2: Chiến lược cạnh tranhChương 3: Chiến lược cạnh tranh tránh cạnh tranhChương 4: Chiến lược cơ cấu doanh nghiệpChương 5: Chiến lược thực thiChương 6: Chiến lược đổi mớiChương 7: Chiến lược thời đại ITChương 8: Lịch sử chiến tranhBằng lối hành văn cuốn hút, kết hợp hình ảnh minh họa sinh động, cuốn sách chứa đầy những kiến thức bổ ích về chiến lược phù hợp với các bạn sinh viên đang trong giai đoạn tìm việc, cho đến những doanh nhân muốn có thêm ý tưởng cho kế hoạch kinh doanh mới, hay những ai muốn tìm kiếm tri thức để thiết kế cho bản thân một cuộc đời sống không hối tiếc. Khi đọc cuốn sách này, bạn sẽ nhận ra rằng, chiến lược giữ vai trò vô cùng quan trọng và ngày càng được đề cao qua từng giai đoạn lịch sử loài người. “Chiến lược” đã luôn hiện hữu ở nơi tồn tại người thắng kẻ bại.",https://product.hstatic.net/200000845405/product/p96698mscreenshot_2022_09_22_133556_d0340f445f694c968185e0a3a53eb5cd_master.jpg,https://www.vinabook.com/products/tinh-hoa-hoi-tu-37-bai-hoc-tu-duy-chien-luoc-ket-tinh-tu-tri-tue-nhan-loai
"Viết Gì Cũng Chuẩn, Nói Gì Cũng Hay",Kang Weon Kug,"147,000₫",Tiếng Việt,30/11/2021,NXB Hồng Đức,450.00 gam,"Khi bắt đầu với việc thường xuyên phải nói và viết, bạn có từng băn khoăn:Không biết làm thế nào để có kỹ năng nói thật tốt?Muốn viết được hay và thu hút thì cần phải cải thiện những gì?Vào thời điểm bạn đang gặp khó khăn trong việc nói hay viết thì việc tìm tới cuốn sách này quả là một cơ duyên may mắn với bạn đấy!Trong cuốn sách Viết Gì Cũng Chuẩn, Nói Gì Cũng Hay có hơn 20 phương pháp viết. Tất cả đều được đúc kết từ kinh nghiệm của tác giả Kang Weon Kug và đều dễ áp dụng để ai cũng có thể thực hiện được. Bạn có thể chọn phương pháp phù hợp với bản thân mình hoặc kết hợp hai, ba phương pháp với nhau, bạn sẽ nhận ra mọi thứ mà mình muốn kiếm tìm đều nằm trong cuốn sách này. Và khi bạn đã đọc đến trang cuối cùng của cuốn sách, bạn sẽ thấy viết hay nói chỉ là chuyện nhỏ mà thôi!!",https://product.hstatic.net/200000845405/product/p96697mscreenshot_2022_09_22_132844_aaca6e01ad724f57a16c003613bd3935_master.jpg,https://www.vinabook.com/products/viet-gi-cung-chuan-noi-gi-cung-hay
Quản Trị KPI - Công Cụ Vận Hành Tổ Chức Và Nhân Sự Một Cách Hiệu Quả,Kazuys Kusumoto,"119,000₫",Tiếng Việt,30/11/2021,NXB Hồng Đức,300.00 gam,"Theo tác giả Kusumoto Kazuya, quản trị KPI không chỉ đo lường hiệu suất cá nhân, tổ chức thông qua các chỉ số, mà còn xác nhận các hoạt động nhằm nâng cao chính chỉ số đó có đang được thực hiện tốt hay không. Với tốc độ phát triển chóng mặt như hiện nay, nếu chỉ thực hiện hoạt động ủy quyền, dựa vào năng lực sáng tạo của nhân viên thì cơ hội thành công sẽ rất thấp. Do đó, mỗi doanh nghiệp cần phải tập hợp trí tuệ cả tổ chức, tìm ra chiến lược kinh doanh phù hợp dựa trên các chỉ số được thu hẹp một cách rõ ràng. Bên cạnh đó, việc nâng cao năng suất của từng cá nhân là nhiệm vụ cấp bách, bởi không có lựa chọn nào tốt hơn ngoài việc xác định chính xác các hoạt động đóng góp vào thành tích kinh doanh nhằm nâng cao hiệu suất của mỗi người. Thay vì chỉ dựa vào hành động tự giác của nhân viên, doanh nghiệp cũng cần kiểm soát hành động cá nhân thông qua một cơ chế rõ ràng, để đưa thật nhiều người giỏi trở nên vĩ đại trong mỗi doanh nghiệp.",https://product.hstatic.net/200000845405/product/p96696mscreenshot_2022_09_22_132340_cf1a4f6524ea4824bd76e8eecda8b6a1_master.jpg,https://www.vinabook.com/products/quan-tri-kpi-cong-cu-van-hanh-to-chuc-va-nhan-su-mot-cach-hieu-qua
Đừng Bao Giờ Theo Đuổi Đàn Ông - 38 Tuyệt Chiêu Làm Chủ Mối Quan Hệ Với Người Khác Phái,Bruce Bryans,"60,000₫",Tiếng Việt,30/11/2021,Nxb Hà Nội,200.00 gam,"Phụ nữ à, hãy giữ cho mình một cái đầu lý trí và tỉnh táo trong tình yêu cũng như trong cuộc sống hôn nhân. Vì cái giá mà ta phải trả cho sự mù quáng chính là nỗi lo sợ và sự đau đớn. Và những gì một người phụ nữ thực sự cần là hai thứ: lòng tự trọng và một bộ hướng dẫn hẹn hò giúp cô ấy cứng rắn, quyết định hợp lý khi cô điều hướng khỏi nguy hiểm để tìm Mr. Right, nằm gọn trong “Đừng bao giờ theo đuổi đàn ông” của tác giả Bruce Bryans.Cuốn sách được chia làm 4 chương là sự đúc kết của 38 Tuyệt chiêu làm chủ mối quan hệ để giữ gìn hạnh phúc của người phụ nữ, lấy làm thước đo là sự tử tế của người đàn ông. Theo tác giả, đàn ông “chất lượng cao” là những người đánh giá tiềm năng trong mối quan hệ của một người phụ nữ dựa trên tính cách của cô ấy, thay vì chỉ dựa trên ngoại hình. Và bản lĩnh của người phụ nữ là người hiểu bản thân hơn ai hết, biết cô ấy cần làm gì để sống một đời như mình muốn, biết phân biệt đâu là đúng đâu là sai, hiểu được cuộc sống là do chính mình lựa chọn và chịu trách nhiệm mà chẳng cần phụ thuộc vào đàn ông. Khí chất người phụ nữ là sự tôi luyện trong tư duy và cách tiếp cận đúng đắn bởi những tiêu chuẩn cao và sẵn lòng khẳng định bản thân cũng như bảo vệ những ranh giới cá nhân với người đàn ông mà bạn hẹn hò. Đặc biệt, đừng bao giờ hy sinh những khát vọng sâu thẳm nhất trong đời bạn chỉ để níu chân một người đàn ông vì đó là điều không đáng. Hãy trở thành “đỉnh cao” của một người đàn ông, thay vì làm “bàn đạp” của anh ta, để bạn chính là phiên bản bạn gái “chất lượng cao” khiến bao đàn ông phải đắm say. “Gió tầng nào gặp mây tầng đó”. Các nguyên tắc trong cuốn sách này được thiết kế để giúp bạn hấp dẫn hơn với những người đàn ông bằng cách cải thiện cách bạn ứng xử trong các giai đoạn hẹn hò khác nhau. “Đừng bao giờ theo đuổi đàn ông” chắc chắn khai sáng giá trị của bạn được bộc lộ ra ngoài và cuối cùng, bạn nhất định gặp được những người đàn ông chân ái của cuộc đời mình.",https://product.hstatic.net/200000845405/product/p96694mscreenshot_2022_09_22_131852_b705984aaf204c8e9c6758e8a05d66a5_master.jpg,https://www.vinabook.com/products/dung-bao-gio-theo-duoi-dan-ong-38-tuyet-chieu-lam-chu-moi-quan-he-voi-nguoi
Business Coaching: Xây Dựng Đế Chế Kinh Doanh Từ Con Số 0,Jack Welch,"154,000₫",Tiếng Việt,30/11/2021,NXB Hồng Đức,400.00 gam,"Thoạt nhìn, có phải bạn đang nghĩ đây hoàn toàn là một cuốn sách kể lể về những câu chuyện của những nhà lãnh đạo và doanh nghiệp của họ? Câu trả lời là hoàn toàn không.CUỐN SÁCH BUSINESS COACHING DÀNH CHO AI?Đây không phải là cuốn sách chỉ dành cho CEO mà nó còn hữu dụng cho những người ở vị trí quan trọng như Giám đốc , quản lý cấp trung,trưởng nhóm, nhân viên văn phòng,... sinh viên tốt nghiệp đại học với công việc đầu tiên của họ. Đặc biệt là những nhà quản trị kinh doanh muốn gây dựng đế chế của riêng mình.Mục tiêu chính của cuốn sách là giúp đỡ những nhà lãnh đạo ở bất cứ tổ chức nào với tham vọng trong tâm trí và niềm đam mê chảy trong huyết quản làKIẾN TẠO DOANH NGHIỆP ĐỂ ĐỜI.BẠN SẼ NHẬN ĐƯỢC GÌ TỪ CUỐN SÁCH NÀY?Với 5 chương sách tương ứng với 5 chủ đề cốt lõi trong quy trình quản trị, xây dựng bộ máy doanh nghiệp. Cuốn sách này sẽ đưa cho bạn những chỉ dẫn để tuân theo, các quy tắc để cân nhắc, các giả định để áp dụng và những lỗi để tránh trong quá trình quản trị nhân sự và lãnh đạo doanh nghiệpPhần 1 “ĐẰNG SAU MỖI CHIẾN THẮNG”là những triết lý và nguyên tắc quản trị mà nhà quản trị cần phải nằm lòng để phát triển doanh nghiệp của mìnhPhần 2 “CÔNG TY CỦA BẠN”nói về cơ cấu của tổ chức. Nó đề cập đến cơ chế hoạt động - con người quy trình văn hóa. Các chương trong phần này xem xét tố chất lãnh đạo, tuyển dụng, quản lý nhân sự, sa thải nhân viên, quản trị thay đổi và khủng hoảng.Phần 3 “TRẬN ĐẤU CỦA BẠN”.Phần này nói về thế giới bên ngoài tổ chức của bạn. Nó thảo luận về cách bạn tạo lợi thế chiến lược, tạo ngân sách hợp lý, tăng trưởng, phát triển thông qua mua bán và sáp nhập, cố gắng làm sáng tỏ một chủ đề chưa bao giờ làm thôi hấp dẫn con người và cũng vì thế mà khiến họ thất bạiPhần 4: “SỰ NGHIỆP CỦA BẠN”cung cấp cho bạn những kỹ năng về quản lý quỹ đạo và giúp các nhà quản lý định hướng nhân viên vào đúng sở trường cả mình ngoài ra còn cung cấp những yếu tố cần thiết để có thể thăng chức. Đề cập đến những vấn đề mà một nhân viên ai cũng gặp phải như: một vị sếp tồi,Phần 5: “CÁCH GỠ NÚT”. Ở đây sẽ chứa đựng chìa khóa cho hàng ngàn câu hỏi.",https://product.hstatic.net/200000845405/product/p96636mscreenshot_2022_09_20_141558_55c38c3deb4b474b800bfc0293729a4c_master.jpg,https://www.vinabook.com/products/business-coaching-xay-dung-de-che-kinh-doanh-tu-con-so-0
Tâm Lý Học Ứng Dụng: Đọc Vị Bất Kỳ Ai Khi Giao Tiếp,Alan Alda,"154,000₫",Tiếng Việt,30/11/2021,NXB Hồng Đức,450.00 gam,"Thật thần kỳ nếu ta có thể đọc vị bất kỳ ai. Cuốn sách này đưa ra những tuyệt chiêu giúp bạn đọc vị đối phương qua ngôn ngữ cơ thể, bất kỳ ai cũng nên biết để giao tiếp tự tin, chủ động chiếm ưu thế khi đàm phán và tranh luận.Thủ thuật giúp phát hiện lời nói dối, nói thậtLuyện đôi mắt thần nhìn ra đối phương có đang tự tin, lo lắng, sợ hãi hay có suy nghĩ gì về mình, về vấn đề hiện tại ra saoCuối cùng đưa ra những đòn tâm lý trong thuyết phục",https://product.hstatic.net/200000845405/product/p96634mscreenshot_2022_09_20_141211_74442b705b004052803b1d21ac1cac82_master.jpg,https://www.vinabook.com/products/tam-ly-hoc-ung-dung-doc-vi-bat-ky-ai-khi-giao-tiep
"Tâm Lý Học Ứng Dụng: Gắn Bó Yêu Thương - Tại Sao Ta Yêu, Tại Sao Ta Ghét?",Nhiều tác giả,"170,100₫",Tiếng Việt,30/11/2021,NXB Hồng Đức,500.00 gam,"Tâm lý học ứng dụng - Gắn bó yêu thương, Tại sao ta yêu, tại sao ta ghét?Bạn có bao giờ nghĩ vì sao bạn lại yêu người này mà không phải người nào khác không? Hay bạn dùng hai từ DUYÊN PHẬN để kết luận thay vì thử nghĩ vì sao bạn lại chọn họ?Trong tâm lý học có những nghiên cứu cơ bản để xác định tại sao ta yêu, tại sao ta ghét:Những chuyện đã từng xảy ra trong quá khứ, trong thời thơ ấu ảnh hưởng đến việc bạn chọn yêu một người như thế nào. (Phân tâm học)Trong quá trình bạn chọn lựa những đối tượng yêu đương từ trước, bạn chọn lọc từng người phù hợp hoăc không phù hợp, sau đó quyết định người phù hợp nhất để yêu.Càng giống nhau, cùng tầng lớp càng có xu hướng muốn gắn bó và ngược lạiKhi hiểu được lý do Gắn bó yêu thương trong các mối quan hệ ta sẽ bớt đổ lỗi cho người khác khi xảy ra xung đột. Cuốn sách giúp bất kỳ ai phát triển mối quan hệ trong tình yêu hôn nhân, có thêm sự tin tưởng, an toàn bên cạnh người ta thương yêu.Cuốn sách là thành quả quan sát, nghiên cứu, tư vấn một cách công phu trong hơn nửa đời người của tiến sĩ Amir Levine và Rachel Heller về mối quan hệ gắn bó của người lớn, về cách chúng ta tìm kiếm và duy trì tình yêu của mình.",https://product.hstatic.net/200000845405/product/p96633mscreenshot_2022_09_20_140534_91888e78a26149618d7ab55ad3cfba6e_master.jpg,https://www.vinabook.com/products/tam-ly-hoc-ung-dung-gan-bo-yeu-thuong-tai-sao-ta-yeu-tai-sao-ta-ghet
Tâm Lý Học Ứng Dụng: Điều Khiển Tiềm Thức - Cách Đạt Được Mọi Điều Bạn Muốn,Maxwell Maltz,"158,000₫",Tiếng Việt,30/11/2021,NXB Hồng Đức,500.00 gam,"Tiềm thức luôn là điều bí ẩn, chỉ khi thấy ta mới tin, nhưng người khôn ngoan thì không cần thấy họ mới tin mà họ luôn cố gắng thấu hiểu, và điều khiển tiềm thức của mình để đạt được thành tựu vượt xa người khác.Cuốn sách giới thiệu và giải thích các phương pháp tập trung tâm thức nhằm xoá bỏ những rào cản tiềm thức đã ngăn chúng ta đạt được những điều mình mong muốn.Điều khiển sức mạnh tiềm thức đã giúp hàng triệu độc giả trên thế giới đạt được những mục tiêu quan trọng trong đời.",https://product.hstatic.net/200000845405/product/p96632mscreenshot_2022_09_20_140232_567c8e8d29724cf8a7d01c59e411be7c_master.jpg,https://www.vinabook.com/products/tam-ly-hoc-ung-dung-dieu-khien-tiem-thuc-cach-dat-duoc-moi-dieu-ban-muon
"Tâm Lý Học Ứng Dụng: Cách Vượt Qua Nỗi Sợ Hãi, Lo Lắng Và Xấu Hổ",Harriet Lerner,"156,000₫",Tiếng Việt,30/11/2021,NXB Hồng Đức,450.00 gam,"Nỗi sợ - Lo lắng - Xẩu hổ là những rào cản khiến cuộc sống và công việc của bạn bị chững lại. Chỉ có chính bạn mới chiến thắng được con quỷ xấu xí đó là suy nghĩ tiêu cực trong bạn.Qua những công trình nghiên cứu của mình, tác giả đã phân tích nguyên nhân khiến bạn sợ hãi, lo âu và xấu hổ. Khi hiểu được gốc rễ của vấn đề, ta mới cản phá được nó bằng các thủ thuật đơn giản như:Yêu thương bản thân bằng tất cả những gì bạn cóĐối mặt vấn đề, bình tĩnh tìm hướng xử lýTìm một người bạn để giãi bàyBất kỳ ai cũng không hoàn hảo, hãy tự hào đừng xấu hổ",https://product.hstatic.net/200000845405/product/p96631mscreenshot_2022_09_20_135720_35281d2ae05c4f15ab21c6175e272d95_master.jpg,https://www.vinabook.com/products/tam-ly-hoc-ung-dung-cach-vuot-qua-noi-so-hai-lo-lang-va-xau-ho
